role,code,channel,basis,p,n_trials,p_logical,p_logical_stderr,mean_fidelity,p_logical_theory,baseline_p_logical,improvement,runtime_s
baseline,unencoded,bit_flip,z,0.005,10000,0.0058,0.0007593655246322419,0.9942,0.005,,,0.0
code,bitflip_3q,bit_flip,z,0.005,10000,0.0001,9.999499987499375e-05,0.9999,7.475e-05,0.0058,57.99999999999999,0.011726833006832749
baseline,unencoded,bit_flip,z,0.006569,10000,0.0061,0.0007786391975748459,0.9939,0.006569,,,0.0
code,bitflip_3q,bit_flip,z,0.006569,10000,0.0002,0.00014140721339450828,0.9998,0.000128888355163982,0.0061,30.5,0.011279124999418855
baseline,unencoded,bit_flip,z,0.008631,10000,0.0072,0.0008454679177828097,0.9928,0.008631,,,0.0
code,bitflip_3q,bit_flip,z,0.008631,10000,0.0001,9.999499987499375e-05,0.9999,0.000222196564792818,0.0072,72.0,0.011220667001907714
baseline,unencoded,bit_flip,z,0.01134,10000,0.0107,0.001028859076841916,0.9893,0.01134,,,0.0
code,bitflip_3q,bit_flip,z,0.01134,10000,0.0006,0.0002448754785600224,0.9994,0.000382870251792,0.0107,17.833333333333336,0.011424625001382083
baseline,unencoded,bit_flip,z,0.014899,10000,0.0157,0.0012431214743539747,0.9843,0.014899,,,0.0
code,bitflip_3q,bit_flip,z,0.014899,10000,0.0005,0.0002235508890610816,0.9995,0.000659326036970602,0.0157,31.399999999999995,0.011112791995401494
baseline,unencoded,bit_flip,z,0.019574,10000,0.0166,0.0012776713192366807,0.9834,0.019574,,,0.0
code,bitflip_3q,bit_flip,z,0.019574,10000,0.0015,0.0003870077518603471,0.9985,0.001134425205497552,0.0166,11.066666666666666,0.011269166992860846
baseline,unencoded,bit_flip,z,0.025718,10000,0.029,0.0016780643611018023,0.971,0.025718,,,0.0
code,bitflip_3q,bit_flip,z,0.025718,10000,0.0029,0.0005377350648786073,0.9971,0.0019502260031075361,0.029,10.000000000000002,0.010972542004310526
baseline,unencoded,bit_flip,z,0.033789,10000,0.0305,0.001719585705918725,0.9695,0.033789,,,0.0
code,bitflip_3q,bit_flip,z,0.033789,10000,0.0034,0.0005821030836544331,0.9966,0.003347935995503862,0.0305,8.970588235294118,0.011205415998119861
baseline,unencoded,bit_flip,z,0.044393,10000,0.0436,0.0020420342798297977,0.9564,0.044393,,,0.0
code,bitflip_3q,bit_flip,z,0.044393,10000,0.0052,0.0007192329247191065,0.9948,0.005737241363067086,0.0436,8.384615384615385,0.011488291012938134
baseline,unencoded,bit_flip,z,0.058326,10000,0.0568,0.0023146006134968514,0.9432,0.058326,,,0.0
code,bitflip_3q,bit_flip,z,0.058326,10000,0.0108,0.0010336034055671449,0.9892,0.009808925790660047,0.0568,5.2592592592592595,0.011430250000557862
baseline,unencoded,bit_flip,z,0.076631,10000,0.0794,0.002703620535504197,0.9206,0.076631,,,0.0
code,bitflip_3q,bit_flip,z,0.076631,10000,0.0156,0.001239219108955313,0.9844,0.016716928483104822,0.0794,5.08974358974359,0.011336541007040069
baseline,unencoded,bit_flip,z,0.100681,10000,0.0998,0.0029973314798333534,0.9002,0.100681,,,0.0
code,bitflip_3q,bit_flip,z,0.100681,10000,0.0267,0.0016120517981752325,0.9733,0.028368852394757522,0.0998,3.737827715355805,0.011292999988654628
baseline,unencoded,bit_flip,z,0.132279,10000,0.1342,0.0034086707086487546,0.8658,0.132279,,,0.0
code,bitflip_3q,bit_flip,z,0.132279,10000,0.0485,0.0021482027371735658,0.9515,0.04786403605349273,0.1342,2.767010309278351,0.011312624992569908
baseline,unencoded,bit_flip,z,0.173794,10000,0.1686,0.0037439823717533714,0.8314,0.173794,,,0.0
code,bitflip_3q,bit_flip,z,0.173794,10000,0.0726,0.0025947878525999,0.9274,0.08011439215829964,0.1686,2.322314049586777,0.011208124997210689
baseline,unencoded,bit_flip,z,0.228338,10000,0.2297,0.004206398816089601,0.7703,0.228338,,,0.0
code,bitflip_3q,bit_flip,z,0.228338,10000,0.1317,0.003381643239609998,0.8683,0.13260444281697908,0.2297,1.744115413819286,0.011605708001297899
baseline,unencoded,bit_flip,z,0.3,10000,0.2936,0.004554108474773081,0.7064,0.3,,,0.0
code,bitflip_3q,bit_flip,z,0.3,10000,0.2083,0.004060924894651464,0.7917,0.21600000000000003,0.2936,1.4095055208833414,0.011615249997703359
baseline,unencoded,depolarizing,z,0.005,10000,0.0042,0.0006467116822819887,0.9958,0.0033333333333333335,,,0.0
code,bitflip_3q,depolarizing,z,0.005,10000,0.0001,9.999499987499375e-05,0.9999,3.3259259259259265e-05,0.0042,41.99999999999999,0.011565915992832743
baseline,unencoded,depolarizing,z,0.006569,10000,0.0042,0.0006467116822819887,0.9958,0.004379333333333333,,,0.0
code,bitflip_3q,depolarizing,z,0.006569,10000,0.0002,0.00014140721339450828,0.9998,5.7367702715253914e-05,0.0042,20.999999999999996,0.011230708987568505
baseline,unencoded,depolarizing,z,0.008631,10000,0.0061,0.0007786391975748459,0.9939,0.005754,,,0.0
code,bitflip_3q,depolarizing,z,0.008631,10000,0.0,0.0,1.0,9.894453519787198e-05,0.0061,inf,0.011293332994682714
baseline,unencoded,depolarizing,z,0.01134,10000,0.0085,0.0009180277773575264,0.9915,0.00756,,,0.0
code,bitflip_3q,depolarizing,z,0.01134,10000,0.0003,0.00017317909804592468,0.9997,0.000170596637568,0.0085,28.33333333333334,0.011460082998382859
baseline,unencoded,depolarizing,z,0.014899,10000,0.0102,0.0010047865444958945,0.9898,0.009932666666666668,,,0.0
code,bitflip_3q,depolarizing,z,0.014899,10000,0.0001,9.999499987499375e-05,0.9999,0.00029401372991721546,0.0102,102.0,0.011405707991798408
baseline,unencoded,depolarizing,z,0.019574,10000,0.0116,0.0010707679487171812,0.9884,0.013049333333333335,,,0.0
code,bitflip_3q,depolarizing,z,0.019574,10000,0.0007,0.00026448251359967073,0.9993,0.0005064110872585341,0.0116,16.57142857142857,0.011390875006327406
baseline,unencoded,depolarizing,z,0.025718,10000,0.0161,0.0012586020022231014,0.9839,0.017145333333333335,,,0.0
code,bitflip_3q,depolarizing,z,0.025718,10000,0.0011,0.00033148001448051134,0.9989,0.0008718071967726035,0.0161,14.636363636363635,0.0113183749926975
baseline,unencoded,depolarizing,z,0.033789,10000,0.0216,0.0014537345012071497,0.9784,0.022526,,,0.0
code,bitflip_3q,depolarizing,z,0.033789,10000,0.0013,0.00036032069049667407,0.9987,0.0014994017117048483,0.0216,16.615384615384617,0.011081459000706673
baseline,unencoded,depolarizing,z,0.044393,10000,0.0308,0.001727754612206259,0.9692,0.029595333333333335,,,0.0
code,bitflip_3q,depolarizing,z,0.044393,10000,0.0023,0.0004790313142165134,0.9977,0.002575807121945803,0.0308,13.391304347826088,0.01126637500419747
baseline,unencoded,depolarizing,z,0.058326,10000,0.038,0.0019119623427254,0.962,0.038884,,,0.0
code,bitflip_3q,depolarizing,z,0.058326,10000,0.004,0.00063118935352238,0.996,0.004418313838417793,0.038,9.5,0.011306582993711345
baseline,unencoded,depolarizing,z,0.076631,10000,0.0475,0.0021270578271405786,0.9525,0.05108733333333334,,,0.0
code,bitflip_3q,depolarizing,z,0.076631,10000,0.0095,0.0009700386590234432,0.9905,0.0075630796221051325,0.0475,5.0,0.011671000000205822
baseline,unencoded,depolarizing,z,0.100681,10000,0.0651,0.0024670222941838207,0.9349,0.06712066666666668,,,0.0
code,bitflip_3q,depolarizing,z,0.100681,10000,0.0137,0.0011624246212120594,0.9863,0.012910769788520748,0.0651,4.751824817518249,0.011423457995988429
baseline,unencoded,depolarizing,z,0.132279,10000,0.0871,0.002819815419491141,0.9129,0.088186,,,0.0
code,bitflip_3q,depolarizing,z,0.132279,10000,0.021,0.0014338409953687334,0.979,0.021958707204442287,0.0871,4.147619047619047,0.011321582991513424
baseline,unencoded,depolarizing,z,0.173794,10000,0.1184,0.0032308116627250186,0.8816,0.11586266666666667,,,0.0
code,bitflip_3q,depolarizing,z,0.173794,10000,0.0327,0.001778502459936449,0.9673,0.03716175520364434,0.1184,3.6207951070336395,0.011564500004169531
baseline,unencoded,depolarizing,z,0.228338,10000,0.1487,0.0035579250975814537,0.8513,0.15222533333333335,,,0.0
code,bitflip_3q,depolarizing,z,0.228338,10000,0.06,0.0023748684174075834,0.94,0.06246275738754937,0.1487,2.4783333333333335,0.01117987500037998
baseline,unencoded,depolarizing,z,0.3,10000,0.205,0.00403701622488689,0.795,0.19999999999999998,,,0.0
code,bitflip_3q,depolarizing,z,0.3,10000,0.1037,0.003048709727081278,0.8963,0.10399999999999998,0.205,1.9768563162970105,0.011088042010669596
baseline,unencoded,phase_flip,x,0.005,10000,0.0058,0.0007593655246322419,0.9941999999999999,0.005,,,0.0
code,phaseflip_3q,phase_flip,z,0.005,10000,0.0,0.0,0.9999999999999997,7.475e-05,0.0058,inf,0.019288708004751243
baseline,unencoded,phase_flip,x,0.006569,10000,0.0073,0.0008512761009214343,0.9926999999999998,0.006569,,,0.0
code,phaseflip_3q,phase_flip,z,0.006569,10000,0.0002,0.00014140721339450828,0.9997999999999997,0.000128888355163982,0.0073,36.5,0.019207416000426747
baseline,unencoded,phase_flip,x,0.008631,10000,0.0083,0.000907254650029417,0.9916999999999998,0.008631,,,0.0
code,phaseflip_3q,phase_flip,z,0.008631,10000,0.0002,0.00014140721339450828,0.9997999999999997,0.000222196564792818,0.0083,41.5,0.01911945799656678
baseline,unencoded,phase_flip,x,0.01134,10000,0.0109,0.0010383250936002654,0.9890999999999999,0.01134,,,0.0
code,phaseflip_3q,phase_flip,z,0.01134,10000,0.0008,0.0002827295527531567,0.9991999999999996,0.000382870251792,0.0109,13.625,0.01925966699491255
baseline,unencoded,phase_flip,x,0.014899,10000,0.0155,0.0012353036064061337,0.9844999999999998,0.014899,,,0.0
code,phaseflip_3q,phase_flip,z,0.014899,10000,0.0005,0.0002235508890610816,0.9994999999999996,0.000659326036970602,0.0155,31.0,0.01918449999357108
baseline,unencoded,phase_flip,x,0.019574,10000,0.0199,0.0013965668619869225,0.9800999999999999,0.019574,,,0.0
code,phaseflip_3q,phase_flip,z,0.019574,10000,0.0013,0.00036032069049667407,0.9986999999999996,0.001134425205497552,0.0199,15.307692307692308,0.01922766699863132
baseline,unencoded,phase_flip,x,0.025718,10000,0.0241,0.001533596752735216,0.9758999999999998,0.025718,,,0.0
code,phaseflip_3q,phase_flip,z,0.025718,10000,0.0024,0.0004893097178679368,0.9975999999999996,0.0019502260031075361,0.0241,10.041666666666668,0.0192630000092322
baseline,unencoded,phase_flip,x,0.033789,10000,0.0346,0.0018276443855411262,0.9653999999999998,0.033789,,,0.0
code,phaseflip_3q,phase_flip,z,0.033789,10000,0.0028,0.0005284089325512959,0.9971999999999996,0.003347935995503862,0.0346,12.357142857142858,0.01903554200544022
baseline,unencoded,phase_flip,x,0.044393,10000,0.0441,0.002053172910399901,0.9558999999999999,0.044393,,,0.0
code,phaseflip_3q,phase_flip,z,0.044393,10000,0.0048,0.0006911555541265655,0.9951999999999996,0.005737241363067086,0.0441,9.1875,0.01916808400710579
baseline,unencoded,phase_flip,x,0.058326,10000,0.0564,0.0023069252263565026,0.9435999999999998,0.058326,,,0.0
code,phaseflip_3q,phase_flip,z,0.058326,10000,0.0086,0.0009233655830709741,0.9913999999999996,0.009808925790660047,0.0564,6.558139534883721,0.019258000000263564
baseline,unencoded,phase_flip,x,0.076631,10000,0.08,0.002712931993250107,0.9199999999999998,0.076631,,,0.0
code,phaseflip_3q,phase_flip,z,0.076631,10000,0.0161,0.0012586020022231014,0.9838999999999997,0.016716928483104822,0.08,4.9689440993788825,0.01925408298848197
baseline,unencoded,phase_flip,x,0.100681,10000,0.1001,0.0030013328705760047,0.8998999999999998,0.100681,,,0.0
code,phaseflip_3q,phase_flip,z,0.100681,10000,0.0295,0.0016920328011004987,0.9704999999999996,0.028368852394757522,0.1001,3.393220338983051,0.01910191601200495
baseline,unencoded,phase_flip,x,0.132279,10000,0.134,0.003406523154185217,0.8659999999999998,0.132279,,,0.0
code,phaseflip_3q,phase_flip,z,0.132279,10000,0.047,0.002116388433156825,0.9529999999999996,0.04786403605349273,0.134,2.8510638297872344,0.01928716698603239
baseline,unencoded,phase_flip,x,0.173794,10000,0.1689,0.0037466356908565316,0.8310999999999998,0.173794,,,0.0
code,phaseflip_3q,phase_flip,z,0.173794,10000,0.084,0.0027738781516137294,0.9159999999999996,0.08011439215829964,0.1689,2.0107142857142857,0.019185375000233762
baseline,unencoded,phase_flip,x,0.228338,10000,0.2354,0.004242485592197102,0.7646,0.228338,,,0.0
code,phaseflip_3q,phase_flip,z,0.228338,10000,0.1368,0.003436360865799749,0.8631999999999996,0.13260444281697908,0.2354,1.7207602339181285,0.01926712499698624
baseline,unencoded,phase_flip,x,0.3,10000,0.3067,0.004611237469486905,0.6932999999999999,0.3,,,0.0
code,phaseflip_3q,phase_flip,z,0.3,10000,0.2128,0.0040928738069967415,0.7871999999999996,0.21600000000000003,0.3067,1.4412593984962405,0.01940695800294634
baseline,unencoded,depolarizing,x,0.005,10000,0.0036,0.0005989190262464534,0.9963999999999998,0.0033333333333333335,,,0.0
code,phaseflip_3q,depolarizing,z,0.005,10000,0.0,0.0,0.9999999999999997,3.3259259259259265e-05,0.0036,inf,0.019052207993809134
baseline,unencoded,depolarizing,x,0.006569,10000,0.0055,0.0007395775821372629,0.9944999999999998,0.004379333333333333,,,0.0
code,phaseflip_3q,depolarizing,z,0.006569,10000,0.0002,0.00014140721339450828,0.9997999999999997,5.7367702715253914e-05,0.0055,27.499999999999996,0.019194207998225465
baseline,unencoded,depolarizing,x,0.008631,10000,0.0061,0.0007786391975748459,0.9938999999999998,0.005754,,,0.0
code,phaseflip_3q,depolarizing,z,0.008631,10000,0.0003,0.00017317909804592468,0.9996999999999996,9.894453519787198e-05,0.0061,20.333333333333336,0.01919454100425355
baseline,unencoded,depolarizing,x,0.01134,10000,0.0087,0.0009286716319560968,0.9912999999999998,0.00756,,,0.0
code,phaseflip_3q,depolarizing,z,0.01134,10000,0.0002,0.00014140721339450828,0.9997999999999997,0.000170596637568,0.0087,43.49999999999999,0.019051208000746556
baseline,unencoded,depolarizing,x,0.014899,10000,0.0094,0.0009649683932647743,0.9905999999999998,0.009932666666666668,,,0.0
code,phaseflip_3q,depolarizing,z,0.014899,10000,0.0003,0.00017317909804592468,0.9996999999999996,0.00029401372991721546,0.0094,31.333333333333336,0.019048457994358614
baseline,unencoded,depolarizing,x,0.019574,10000,0.0104,0.0010144870625099168,0.9895999999999998,0.013049333333333335,,,0.0
code,phaseflip_3q,depolarizing,z,0.019574,10000,0.0003,0.00017317909804592468,0.9996999999999996,0.0005064110872585341,0.0104,34.66666666666667,0.01914016700175125
baseline,unencoded,depolarizing,x,0.025718,10000,0.0172,0.001300159990155058,0.9827999999999998,0.017145333333333335,,,0.0
code,phaseflip_3q,depolarizing,z,0.025718,10000,0.0011,0.00033148001448051134,0.9988999999999997,0.0008718071967726035,0.0172,15.636363636363635,0.018939457993838005
baseline,unencoded,depolarizing,x,0.033789,10000,0.024,0.0015304901175767194,0.9759999999999999,0.022526,,,0.0
code,phaseflip_3q,depolarizing,z,0.033789,10000,0.001,0.0003160696125855822,0.9989999999999997,0.0014994017117048483,0.024,24.0,0.019297250008094124
baseline,unencoded,depolarizing,x,0.044393,10000,0.0311,0.0017358798921584407,0.9688999999999999,0.029595333333333335,,,0.0
code,phaseflip_3q,depolarizing,z,0.044393,10000,0.0027,0.0005189132875539034,0.9972999999999996,0.002575807121945803,0.0311,11.518518518518517,0.019004917005077004
baseline,unencoded,depolarizing,x,0.058326,10000,0.0412,0.001987525094181203,0.9587999999999998,0.038884,,,0.0
code,phaseflip_3q,depolarizing,z,0.058326,10000,0.0038,0.0006152690468404858,0.9961999999999996,0.004418313838417793,0.0412,10.842105263157896,0.019067041008383967
baseline,unencoded,depolarizing,x,0.076631,10000,0.0528,0.002236339866835987,0.9471999999999998,0.05108733333333334,,,0.0
code,phaseflip_3q,depolarizing,z,0.076631,10000,0.0083,0.000907254650029417,0.9916999999999996,0.0075630796221051325,0.0528,6.36144578313253,0.019097125012194738
baseline,unencoded,depolarizing,x,0.100681,10000,0.0643,0.0024528658748492545,0.9356999999999999,0.06712066666666668,,,0.0
code,phaseflip_3q,depolarizing,z,0.100681,10000,0.0126,0.0011154030661603904,0.9873999999999996,0.012910769788520748,0.0643,5.103174603174603,0.019287957999040373
baseline,unencoded,depolarizing,x,0.132279,10000,0.0856,0.002797724789896247,0.9143999999999998,0.088186,,,0.0
code,phaseflip_3q,depolarizing,z,0.132279,10000,0.0248,0.001555151439571079,0.9751999999999996,0.021958707204442287,0.0856,3.4516129032258065,0.01925312499224674
baseline,unencoded,depolarizing,x,0.173794,10000,0.1134,0.0031708112526607447,0.8865999999999998,0.11586266666666667,,,0.0
code,phaseflip_3q,depolarizing,z,0.173794,10000,0.0352,0.0018428499667634368,0.9647999999999997,0.03716175520364434,0.1134,3.2215909090909087,0.01899529100046493
baseline,unencoded,depolarizing,x,0.228338,10000,0.146,0.0035310621631458147,0.8539999999999999,0.15222533333333335,,,0.0
code,phaseflip_3q,depolarizing,z,0.228338,10000,0.0655,0.002474060427717965,0.9344999999999997,0.06246275738754937,0.146,2.229007633587786,0.019081582999206148
baseline,unencoded,depolarizing,x,0.3,10000,0.2053,0.004039206729049653,0.7947,0.19999999999999998,,,0.0
code,phaseflip_3q,depolarizing,z,0.3,10000,0.1024,0.003031736136275715,0.8975999999999996,0.10399999999999998,0.2053,2.0048828125,0.019250957993790507
baseline,unencoded,depolarizing,random,0.005,10000,0.0032,0.0005647796030311293,0.9968,0.0033333333333333335,,,0.0
code,shor_9q,depolarizing,random,0.005,10000,0.0,0.0,0.9999999999999998,0.0008792346815457361,0.0032,inf,3.224447041997337
baseline,unencoded,depolarizing,random,0.006569,10000,0.0046,0.0006766712643521964,0.9954,0.004379333333333333,,,0.0
code,shor_9q,depolarizing,random,0.006569,10000,0.0006,0.0002448754785600224,0.9993999999999998,0.001506539190649879,0.0046,7.666666666666667,3.2009146659984253
baseline,unencoded,depolarizing,random,0.008631,10000,0.0052,0.0007192329247191065,0.9948,0.005754,,,0.0
code,shor_9q,depolarizing,random,0.008631,10000,0.0013,0.00036032069049667407,0.9986999999999998,0.002575846365167403,0.0052,4.0,3.2117331250046846
baseline,unencoded,depolarizing,random,0.01134,10000,0.0085,0.0009180277773575264,0.9915,0.00756,,,0.0
code,shor_9q,depolarizing,random,0.01134,10000,0.0011,0.00033148001448051134,0.9988999999999998,0.004390608845678129,0.0085,7.7272727272727275,3.2167478339979425
baseline,unencoded,depolarizing,random,0.014899,10000,0.0108,0.0010336034055671449,0.9892,0.009932666666666668,,,0.0
code,shor_9q,depolarizing,random,0.014899,10000,0.0022,0.0004685253461660319,0.9977999999999998,0.00745392426545588,0.0108,4.909090909090909,3.2090771660004975
baseline,unencoded,depolarizing,random,0.019574,10000,0.0127,0.001119763814382301,0.9873,0.013049333333333335,,,0.0
code,shor_9q,depolarizing,random,0.019574,10000,0.0019,0.0004354756020720334,0.9980999999999998,0.012587223045847973,0.0127,6.684210526315789,3.2290805829979945
baseline,unencoded,depolarizing,random,0.025718,10000,0.0186,0.0013510751274448064,0.9814,0.017145333333333335,,,0.0
code,shor_9q,depolarizing,random,0.025718,10000,0.0048,0.0006911555541265655,0.9951999999999999,0.02111304441928538,0.0186,3.875,3.2084083749941783
baseline,unencoded,depolarizing,random,0.033789,10000,0.0228,0.0014926540121541897,0.9772,0.022526,,,0.0
code,shor_9q,depolarizing,random,0.033789,10000,0.0073,0.0008512761009214343,0.9926999999999998,0.03509130371807842,0.0228,3.1232876712328768,3.221302874997491
baseline,unencoded,depolarizing,random,0.044393,10000,0.0319,0.0017573386127892369,0.9681,0.029595333333333335,,,0.0
code,shor_9q,depolarizing,random,0.044393,10000,0.0155,0.0012353036064061337,0.9844999999999998,0.05763309528209992,0.0319,2.0580645161290323,3.232514999996056
baseline,unencoded,depolarizing,random,0.058326,10000,0.0387,0.0019287900352293404,0.9613,0.038884,,,0.0
code,shor_9q,depolarizing,random,0.058326,10000,0.0245,0.0015459543977750442,0.9754999999999998,0.09318501964039788,0.0387,1.5795918367346937,3.224376874990412
baseline,unencoded,depolarizing,random,0.076631,10000,0.0551,0.002281753492382558,0.9449,0.05108733333333334,,,0.0
code,shor_9q,depolarizing,random,0.076631,10000,0.0381,0.0019143769221341969,0.9618999999999999,0.14758788967626985,0.0551,1.4461942257217848,3.243057667001267
baseline,unencoded,depolarizing,random,0.100681,10000,0.0652,0.0024687843162171943,0.9348,0.06712066666666668,,,0.0
code,shor_9q,depolarizing,random,0.100681,10000,0.0646,0.002458187136895806,0.9353999999999998,0.22750596312462218,0.0652,1.0092879256965943,3.263904541992815
baseline,unencoded,depolarizing,random,0.132279,10000,0.0894,0.002853202411326613,0.9106,0.088186,,,0.0
code,shor_9q,depolarizing,random,0.132279,10000,0.0989,0.0029852770390702437,0.9010999999999998,0.3384918629758181,0.0894,0.9039433771486349,3.2432034999947064
baseline,unencoded,depolarizing,random,0.173794,10000,0.1128,0.003163481626309848,0.8872,0.11586266666666667,,,0.0
code,shor_9q,depolarizing,random,0.173794,10000,0.151,0.003580488793447062,0.8489999999999999,0.4809984968721134,0.1128,0.7470198675496689,3.247894667001674
baseline,unencoded,depolarizing,random,0.228338,10000,0.1522,0.0035921464335408157,0.8478,0.15222533333333335,,,0.0
code,shor_9q,depolarizing,random,0.228338,10000,0.2159,0.004114452454458552,0.7840999999999997,0.6446165105970286,0.1522,0.7049559981472904,3.238954542001011
baseline,unencoded,depolarizing,random,0.3,10000,0.1886,0.003911905418079532,0.8114,0.19999999999999998,,,0.0
code,shor_9q,depolarizing,random,0.3,10000,0.2963,0.004566249117163889,0.7036999999999998,0.803996766,0.1886,0.6365170435369557,3.2678050410031574
baseline,unencoded,bit_flip,random,0.005,10000,0.0026,0.0005092386473943233,0.9974,0.0025,,,0.0
code,shor_9q,bit_flip,random,0.005,10000,0.0001,9.999499987499375e-05,0.9998999999999998,0.00011211661886512125,0.0026,25.999999999999996,3.289463708002586
baseline,unencoded,bit_flip,random,0.006569,10000,0.0036,0.0005989190262464534,0.9964,0.0032845,,,0.0
code,shor_9q,bit_flip,random,0.006569,10000,0.0005,0.0002235508890610816,0.9994999999999998,0.00019330761550440112,0.0036,7.199999999999999,3.2596128750010394
baseline,unencoded,bit_flip,random,0.008631,10000,0.0037,0.0006071498991188255,0.9963,0.0043155,,,0.0
code,shor_9q,bit_flip,random,0.008631,10000,0.0003,0.00017317909804592468,0.9996999999999998,0.00033322079570419216,0.0037,12.333333333333336,3.2568427920050453
baseline,unencoded,bit_flip,random,0.01134,10000,0.005,0.0007053367989832942,0.995,0.00567,,,0.0
code,shor_9q,bit_flip,random,0.01134,10000,0.0003,0.00017317909804592468,0.9996999999999998,0.0005740855213057783,0.005,16.666666666666668,3.252755250010523
baseline,unencoded,bit_flip,random,0.014899,10000,0.0077,0.0008741115489455566,0.9923,0.0074495,,,0.0
code,shor_9q,bit_flip,random,0.014899,10000,0.001,0.0003160696125855822,0.9989999999999998,0.0009883371325294377,0.0077,7.7,3.2579695000022184
baseline,unencoded,bit_flip,random,0.019574,10000,0.0106,0.0010240917927607856,0.9894,0.009787,,,0.0
code,shor_9q,bit_flip,random,0.019574,10000,0.001,0.0003160696125855822,0.9989999999999998,0.0016997081573835726,0.0106,10.6,3.2570904589956626
baseline,unencoded,bit_flip,random,0.025718,10000,0.0123,0.0011022118671108563,0.9877,0.012859,,,0.0
code,shor_9q,bit_flip,random,0.025718,10000,0.0018,0.0004238820590683215,0.9981999999999999,0.0029196376411932956,0.0123,6.833333333333334,3.265515791994403
baseline,unencoded,bit_flip,random,0.033789,10000,0.0176,0.0013149235719234788,0.9824,0.0168945,,,0.0
code,shor_9q,bit_flip,random,0.033789,10000,0.0046,0.0006766712643521964,0.9953999999999998,0.005005109743074776,0.0176,3.8260869565217392,3.255176874998142
baseline,unencoded,bit_flip,random,0.044393,10000,0.0213,0.0014438251279154273,0.9787,0.0221965,,,0.0
code,shor_9q,bit_flip,random,0.044393,10000,0.0098,0.0009850867982061275,0.9901999999999999,0.008556582560255321,0.0213,2.173469387755102,3.3596378749934956
baseline,unencoded,bit_flip,random,0.058326,10000,0.0298,0.0017003517283197614,0.9702,0.029163,,,0.0
code,shor_9q,bit_flip,random,0.058326,10000,0.0148,0.0012075164595151489,0.9851999999999999,0.014569538031260987,0.0298,2.0135135135135136,3.26250766699377
baseline,unencoded,bit_flip,random,0.076631,10000,0.0365,0.001875306641592249,0.9635,0.0383155,,,0.0
code,shor_9q,bit_flip,random,0.076631,10000,0.0236,0.0015179934123704228,0.9763999999999998,0.02465854499825143,0.0365,1.5466101694915253,3.2572614999953657
baseline,unencoded,bit_flip,random,0.100681,10000,0.0492,0.0021628536705010815,0.9508,0.0503405,,,0.0
code,shor_9q,bit_flip,random,0.100681,10000,0.0385,0.0019239997401247226,0.9614999999999998,0.04135750642253849,0.0492,1.277922077922078,3.256532875006087
baseline,unencoded,bit_flip,random,0.132279,10000,0.0662,0.0024863137372423457,0.9338,0.0661395,,,0.0
code,shor_9q,bit_flip,random,0.132279,10000,0.0675,0.00250885930255166,0.9324999999999998,0.06841443259759422,0.0662,0.9807407407407406,3.2617895000003045
baseline,unencoded,bit_flip,random,0.173794,10000,0.0791,0.002698947757923447,0.9209,0.086897,,,0.0
code,shor_9q,bit_flip,random,0.173794,10000,0.1007,0.003009310718420416,0.8992999999999998,0.11080121422684475,0.0791,0.7855014895729892,3.241882500005886
baseline,unencoded,bit_flip,random,0.228338,10000,0.1109,0.003140082642224564,0.8891,0.114169,,,0.0
code,shor_9q,bit_flip,random,0.228338,10000,0.1556,0.003624757095309974,0.8443999999999998,0.1736966110106694,0.1109,0.7127249357326478,3.335472459002631
baseline,unencoded,bit_flip,random,0.3,10000,0.1547,0.0036161845915273737,0.8453,0.15,,,0.0
code,shor_9q,bit_flip,random,0.3,10000,0.1985,0.003988705930499264,0.8014999999999998,0.259054848,0.1547,0.7793450881612091,3.2668484580062795
baseline,unencoded,phase_flip,random,0.005,10000,0.0027,0.0005189132875539034,0.9973,0.0025,,,0.0
code,shor_9q,phase_flip,random,0.005,10000,0.0005,0.0002235508890610816,0.9994999999999998,0.00011211661886512125,0.0027,5.4,3.25948295899434
baseline,unencoded,phase_flip,random,0.006569,10000,0.0025,0.0004993746088859545,0.9975,0.0032845,,,0.0
code,shor_9q,phase_flip,random,0.006569,10000,0.0005,0.0002235508890610816,0.9994999999999998,0.00019330761550440112,0.0025,5.0,3.2585994169930927
baseline,unencoded,phase_flip,random,0.008631,10000,0.0038,0.0006152690468404858,0.9962,0.0043155,,,0.0
code,shor_9q,phase_flip,random,0.008631,10000,0.0006,0.0002448754785600224,0.9993999999999998,0.00033322079570419216,0.0038,6.333333333333334,3.457749875000445
baseline,unencoded,phase_flip,random,0.01134,10000,0.0051,0.0007123194508084137,0.9949,0.00567,,,0.0
code,shor_9q,phase_flip,random,0.01134,10000,0.0014,0.0003739037309254884,0.9985999999999998,0.0005740855213057783,0.0051,3.6428571428571432,3.301085749990307
baseline,unencoded,phase_flip,random,0.014899,10000,0.0073,0.0008512761009214343,0.9927,0.0074495,,,0.0
code,shor_9q,phase_flip,random,0.014899,10000,0.0029,0.0005377350648786073,0.9970999999999998,0.0009883371325294377,0.0073,2.517241379310345,3.379378084006021
baseline,unencoded,phase_flip,random,0.019574,10000,0.0093,0.0009598703037389999,0.9907,0.009787,,,0.0
code,shor_9q,phase_flip,random,0.019574,10000,0.0055,0.0007395775821372629,0.9944999999999998,0.0016997081573835726,0.0093,1.690909090909091,3.308982875008951
baseline,unencoded,phase_flip,random,0.025718,10000,0.0131,0.0011370307823449636,0.9869,0.012859,,,0.0
code,shor_9q,phase_flip,random,0.025718,10000,0.0072,0.0008454679177828097,0.9927999999999998,0.0029196376411932956,0.0131,1.8194444444444446,3.3338929580058903
baseline,unencoded,phase_flip,random,0.033789,10000,0.0175,0.0013112494041943356,0.9825,0.0168945,,,0.0
code,shor_9q,phase_flip,random,0.033789,10000,0.0137,0.0011624246212120594,0.9862999999999998,0.005005109743074776,0.0175,1.2773722627737227,3.4452637500071432
baseline,unencoded,phase_flip,random,0.044393,10000,0.022,0.0014668333238647122,0.978,0.0221965,,,0.0
code,shor_9q,phase_flip,random,0.044393,10000,0.0208,0.0014271425997425763,0.9791999999999998,0.008556582560255321,0.022,1.0576923076923077,3.3561996250064112
baseline,unencoded,phase_flip,random,0.058326,10000,0.0305,0.001719585705918725,0.9695,0.029163,,,0.0
code,shor_9q,phase_flip,random,0.058326,10000,0.0329,0.0017837485809384685,0.9670999999999998,0.014569538031260987,0.0305,0.9270516717325228,3.328359000006458
baseline,unencoded,phase_flip,random,0.076631,10000,0.0373,0.001894959366318972,0.9627,0.0383155,,,0.0
code,shor_9q,phase_flip,random,0.076631,10000,0.0484,0.002146099718093267,0.9515999999999997,0.02465854499825143,0.0373,0.7706611570247934,3.315790292006568
baseline,unencoded,phase_flip,random,0.100681,10000,0.0531,0.0022423289232402993,0.9469,0.0503405,,,0.0
code,shor_9q,phase_flip,random,0.100681,10000,0.0795,0.0027051755950399966,0.9204999999999998,0.04135750642253849,0.0531,0.6679245283018868,3.2912513749906793
baseline,unencoded,phase_flip,random,0.132279,10000,0.0712,0.002571586280878011,0.9288,0.0661395,,,0.0
code,shor_9q,phase_flip,random,0.132279,10000,0.1068,0.0030885880269145645,0.8931999999999997,0.06841443259759422,0.0712,0.6666666666666666,3.365071499996702
baseline,unencoded,phase_flip,random,0.173794,10000,0.0856,0.002797724789896247,0.9144,0.086897,,,0.0
code,shor_9q,phase_flip,random,0.173794,10000,0.1453,0.0035240305049758012,0.8546999999999997,0.11080121422684475,0.0856,0.5891259463179628,3.4208808749972377
baseline,unencoded,phase_flip,random,0.228338,10000,0.1099,0.0031276507157929254,0.8901,0.114169,,,0.0
code,shor_9q,phase_flip,random,0.228338,10000,0.1865,0.0038950962760886925,0.8134999999999997,0.1736966110106694,0.1099,0.5892761394101876,3.301279125007568
baseline,unencoded,phase_flip,random,0.3,10000,0.1487,0.0035579250975814537,0.8513,0.15,,,0.0
code,shor_9q,phase_flip,random,0.3,10000,0.2305,0.00421152881979929,0.7694999999999995,0.259054848,0.1487,0.645119305856833,3.326537916000234
